"Status","Start Time","Stop Time","Duration in ms","Parent Suite","Suite","Sub Suite","Test Class","Test Method","Name","Description"
"passed","Fri Jan 01 18:47:07 CST 2021","Fri Jan 01 18:47:07 CST 2021","0","","test_cal","TestCalc","","","test_add[float]",""
"passed","Fri Jan 01 18:47:07 CST 2021","Fri Jan 01 18:47:07 CST 2021","0","","test_cal","TestCalc","","","test_div[get_div1]",""
"passed","Fri Jan 01 18:47:07 CST 2021","Fri Jan 01 18:47:07 CST 2021","0","","test_cal","TestCalc","","","test_mul[float]",""
"passed","Fri Jan 01 18:47:07 CST 2021","Fri Jan 01 18:47:07 CST 2021","0","","test_cal","TestCalc","","","test_add[minus]",""
"passed","Fri Jan 01 18:47:07 CST 2021","Fri Jan 01 18:47:07 CST 2021","0","","test_cal","TestCalc","","","test_mul[int]",""
"passed","Fri Jan 01 18:47:07 CST 2021","Fri Jan 01 18:47:07 CST 2021","0","","test_cal","TestCalc","","","test_add[int]",""
"passed","Fri Jan 01 18:47:07 CST 2021","Fri Jan 01 18:47:07 CST 2021","1","","test_cal","TestCalc","","","test_div[get_div2]",""
"passed","Fri Jan 01 18:47:07 CST 2021","Fri Jan 01 18:47:07 CST 2021","0","","test_cal","TestCalc","","","test_div[get_div0]",""
"passed","Fri Jan 01 18:47:07 CST 2021","Fri Jan 01 18:47:07 CST 2021","0","","test_cal","TestCalc","","","test_sub[float]",""
"passed","Fri Jan 01 18:47:07 CST 2021","Fri Jan 01 18:47:07 CST 2021","0","","test_cal","TestCalc","","","test_sub[int]",""
"passed","Fri Jan 01 18:47:07 CST 2021","Fri Jan 01 18:47:07 CST 2021","1","","test_cal","TestCalc","","","test_mul[minus]",""
"passed","Fri Jan 01 18:47:07 CST 2021","Fri Jan 01 18:47:07 CST 2021","0","","test_cal","TestCalc","","","test_sub[minus]",""
